{"cameraMode":{"drawMode":0,"name":"Shaded","section":"Shading Mode"},"sceneLighting":true,"audioPlay":false,"sceneViewState":{"m_AlwaysRefresh":false,"showFog":true,"showSkybox":true,"showFlares":true,"showImageEffects":true,"showParticleSystems":true,"showVisualEffectGraphs":true,"m_FxEnabled":true},"in2DMode":false,"pivot":{"x":2.314277172088623,"y":2.243351936340332,"z":56.198158264160159},"rotation":{"x":0.006964568514376879,"y":0.24846135079860688,"z":0.0017848695861175657,"w":-0.9686229228973389},"size":5.919980049133301,"orthographic":false}