{"cameraMode":{"drawMode":0,"name":"Shaded","section":"Shading Mode"},"sceneLighting":true,"audioPlay":false,"sceneViewState":{"m_AlwaysRefresh":false,"showFog":true,"showSkybox":true,"showFlares":true,"showImageEffects":true,"showParticleSystems":true,"showVisualEffectGraphs":true,"m_FxEnabled":true},"in2DMode":false,"pivot":{"x":0.48901990056037905,"y":4.80463981628418,"z":-6.4584197998046879},"rotation":{"x":0.2579970955848694,"y":0.018838679417967798,"z":-0.005031791981309652,"w":0.9659482836723328},"size":3.794722080230713,"orthographic":false}