{"cameraMode":{"drawMode":0,"name":"Shaded","section":"Shading Mode"},"sceneLighting":true,"audioPlay":false,"sceneViewState":{"m_AlwaysRefresh":false,"showFog":true,"showSkybox":true,"showFlares":true,"showImageEffects":true,"showParticleSystems":true,"showVisualEffectGraphs":true,"m_FxEnabled":true},"in2DMode":false,"pivot":{"x":-1.7807636260986329,"y":7.49812650680542,"z":-0.23815982043743134},"rotation":{"x":0.12367306649684906,"y":-0.3721053898334503,"z":0.05003217235207558,"w":0.9185647368431091},"size":0.4893762469291687,"orthographic":false}