{"cameraMode":{"drawMode":0,"name":"Shaded","section":"Shading Mode"},"sceneLighting":true,"audioPlay":false,"sceneViewState":{"m_AlwaysRefresh":false,"showFog":true,"showSkybox":true,"showFlares":true,"showImageEffects":true,"showParticleSystems":true,"showVisualEffectGraphs":true,"m_FxEnabled":true},"in2DMode":false,"pivot":{"x":-4.501333236694336,"y":0.6296946406364441,"z":-13.125968933105469},"rotation":{"x":0.03768463805317879,"y":-0.07874331623315811,"z":0.0029139877296984197,"w":0.9961753487586975},"size":0.4893762469291687,"orthographic":false}