{"cameraMode":{"drawMode":0,"name":"Shaded","section":"Shading Mode"},"sceneLighting":false,"audioPlay":false,"sceneViewState":{"m_AlwaysRefresh":false,"showFog":true,"showSkybox":false,"showFlares":true,"showImageEffects":true,"showParticleSystems":true,"showVisualEffectGraphs":true,"m_FxEnabled":true},"in2DMode":false,"pivot":{"x":-2.516275644302368,"y":0.7569074630737305,"z":16.427711486816408},"rotation":{"x":0.06385913491249085,"y":-0.45925313234329226,"z":0.03312245383858681,"w":0.8853789567947388},"size":3.649730682373047,"orthographic":false}