{"cameraMode":{"drawMode":0,"name":"Shaded","section":"Shading Mode"},"sceneLighting":false,"audioPlay":false,"sceneViewState":{"m_AlwaysRefresh":false,"showFog":true,"showSkybox":false,"showFlares":true,"showImageEffects":true,"showParticleSystems":true,"showVisualEffectGraphs":true,"m_FxEnabled":true},"in2DMode":false,"pivot":{"x":0.8387928009033203,"y":4.97410774230957,"z":80.63325500488281},"rotation":{"x":0.010168197564780712,"y":0.0650462657213211,"z":0.0006635720492340624,"w":-0.9978262782096863},"size":43.605342864990237,"orthographic":false}